x,count
556150,1465
556162,1465
556175,1465
556187,1465
556200,1465
556212,1465
556225,1465
556237,1465
556250,1465
556262,1465
556275,1465
556287,1465
556300,1465
556312,1465
556325,1465
556337,1465
556350,1465
556362,1465
556375,1465
556387,1465
556400,1465
556412,1465
556425,1465
556437,1465
556450,1465
556462,1465
556475,1465
556487,1465
556500,1465
556512,1465
556525,1465
556537,1465
556550,1465
556562,1465
556575,1465
556587,1465
556600,1465
556612,1465
556625,1465
556637,1465
556650,1465
556662,1465
556675,1465
556687,1465
556700,1465
556712,1465
556725,1465
556737,1465
556750,1465
556762,1465
556775,1465
556787,1465
556800,1465
556812,1465
556825,1465
556837,1465
556850,1465
556862,1465
556875,1465
556887,1465
556900,1465
556912,1465
556925,1465
556937,1465
556950,1465
556962,1465
556975,1465
556987,1465
557000,1465
557012,1465
557025,1465
557037,1465
557050,1465
557062,1465
557075,1465
557087,1465
557100,1465
557112,1465
557125,1465
557137,1465
557150,1465
557162,1465
557175,1465
557187,1465
557200,1465
557212,1465
557225,1465
557237,1465
557250,1465
557262,1465
557275,1465
557287,1465
557300,1465
557312,1465
557325,1465
557337,1465
557350,1465
557362,1465
557375,1465
557387,1465
557400,1465
557412,1465
557425,1465
557437,1465
557450,1465
557462,1465
557475,1465
557487,1465
557500,1465
557512,1465
557525,1465
557537,1465
557550,1465
557562,1465
557575,1465
557587,1465
557600,1465
557612,1465
557625,1465
557637,1465
557650,1465
557662,1465
557675,1465
557687,1465
557700,1465
557712,1465
557725,1465
557737,1465
557750,1465
557762,1465
557775,1465
557787,1465
557800,1465
557812,1465
557825,1465
557837,1465
557850,1465
557862,1465
557875,1465
557887,1465
557900,1465
557912,1465
557925,1465
557937,1465
557950,1465
557962,1465
557975,1465
557987,1465
558000,1465
558012,1465
558025,1465
558037,1465
558050,1465
558062,1465
558075,1465
558087,1465
558100,1465
558112,1465
558125,1465
558137,1465
558150,1465
558162,1465
558175,1465
558187,1465
558200,1465
558212,1465
558225,1465
558237,1465
558250,1465
558262,1465
558275,1465
558287,1465
558300,1465
558312,1465
558325,1465
558337,1465
558350,1465
558362,1465
558375,1465
558387,1465
558400,1465
558412,1465
558425,1465
558437,1465
558450,1465
558462,1465
558475,1465
558487,1465
558500,1465
558512,1465
558525,1465
558537,1465
558550,1465
558562,1465
558575,1465
558587,1465
558600,1465
558612,1465
558625,1465
558637,1465
558650,1465
558662,1465
558675,1465
558687,1465
558700,1465
558712,1465
558725,1465
558737,1465
558750,1465
558762,1465
558775,1465
558787,1465
558800,1465
558812,1465
558825,1465
558837,1465
558850,1465
558862,1465
558875,1465
558887,1465
558900,1465
558912,1465
558925,1465
558937,1465
558950,1465
558962,1465
558975,1465
558987,1465
559000,1465
559012,1465
559025,1465
559037,1465
559050,1465
559062,1465
559075,1465
559087,1465
559100,1465
559112,1465
559125,1465
559137,1465
559150,1465
559162,1465
559175,1465
559187,1465
559200,1465
559212,1465
559225,1465
559237,1465
559250,1465
559262,1465
559275,1465
559287,1465
559300,1465
559312,1465
559325,1465
559337,1465
559350,1465
559362,1465
559375,1465
559387,1465
559400,1465
559412,1465
559425,1465
559437,1465
559450,1465
559462,1465
559475,1465
559487,1465
559500,1465
559512,1465
559525,1465
559537,1465
559550,1465
559562,1465
559575,1465
559587,1465
559600,1465
559612,1465
559625,1465
559637,1465
559650,1465
559662,1465
559675,1465
559687,1465
559700,1465
559712,1465
559725,1465
559737,1465
559750,1465
559762,1465
559775,1465
559787,1465
559800,1465
559812,1465
559825,1465
559837,1465
559850,1465
559862,1465
559875,1465
559887,1465
559900,1465
559912,1465
559925,1465
559937,1465
559950,1465
559962,1465
559975,1465
559987,1465
560000,1465
560012,1465
560025,1465
560037,1465
560050,1465
560062,1465
560075,1465
560087,1465
560100,1465
560112,1465
560125,1465
560137,1465
560150,1465
560162,1465
560175,1465
560187,1465
560200,1465
560212,1465
560225,1465
560237,1465
560250,1465
560262,1465
560275,1465
560287,1465
560300,1465
560312,1465
560325,1465
560337,1465
560350,1465
560362,1465
560375,1465
560387,1465
560400,1465
560412,1465
560425,1465
560437,1465
560450,1465
560462,1465
560475,1465
560487,1465
560500,1465
560512,1465
560525,1465
560537,1465
560550,1465
560562,1465
560575,1465
560587,1465
560600,1465
560612,1465
560625,1465
560637,1465
560650,1465
560662,1465
560675,1465
560687,1465
560700,1465
560712,1465
560725,1465
560737,1465
560750,1465
560762,1465
560775,1465
560787,1465
560800,1465
560812,1465
560825,1465
560837,1465
560850,1465
560862,1465
560875,1465
560887,1465
560900,1465
560912,1465
560925,1465
560937,1465
560950,1465
560962,1465
560975,1465
560987,1465
561000,1465
561012,1465
561025,1465
561037,1465
561050,1465
561062,1465
561075,1465
561087,1465
561100,1465
561112,1465
561125,1465
561137,1465
561150,1465
561162,1465
561175,1465
561187,1465
561200,1465
561212,1465
561225,1465
561237,1465
561250,1465
561262,1465
561275,1465
561287,1465
561300,1465
561312,1465
561325,1465
561337,1465
561350,1465
561362,1465
561375,1465
561387,1465
561400,1465
561412,1465
561425,1465
561437,1465
561450,1465
561462,1465
561475,1465
561487,1465
561500,1465
561512,1465
561525,1465
561537,1465
561550,1465
561562,1465
561575,1465
561587,1465
561600,1465
561612,1465
561625,1465
561637,1465
561650,1465
561662,1465
561675,1465
561687,1465
561700,1465
561712,1465
561725,1465
561737,1465
561750,1465
561762,1465
561775,1465
561787,1465
561800,1465
561812,1465
561825,1465
561837,1465
561850,1465
561862,1465
561875,1465
561887,1465
561900,1465
561912,1465
561925,1465
561937,1465
561950,1465
561962,1465
561975,1465
561987,1465
562000,1465
562012,1465
562025,1465
562037,1465
562050,1465
562062,1465
562075,1465
562087,1465
562100,1465
562112,1465
562125,1465
562137,1465
562150,1465
562162,1465
562175,1465
562187,1465
562200,1465
562212,1465
562225,1465
562237,1465
562250,1465
562262,1465
562275,1465
562287,1465
562300,1465
562312,1465
562325,1465
562337,1465
562350,1465
562362,1465
562375,1465
562387,1465
562400,1465
562412,1465
562425,1465
562437,1465
562450,1465
562462,1465
562475,1465
562487,1465
562500,1465
562512,1465
562525,1465
562537,1465
562550,1465
562562,1465
562575,1465
562587,1465
562600,1465
562612,1465
562625,1465
562637,1465
562650,1465
562662,1465
562675,1465
562687,1465
562700,1465
562712,1465
562725,1465
562737,1465
562750,1465
562762,1465
562775,1465
562787,1465
562800,1465
562812,1465
562825,1465
562837,1465
562850,1465
562862,1465
562875,1465
562887,1465
562900,1465
562912,1465
562925,1465
562937,1465
562950,1465
562962,1465
562975,1465
562987,1465
563000,1465
563012,1465
563025,1465
563037,1465
563050,1465
563062,1465
563075,1465
563087,1465
563100,1465
563112,1465
563125,1465
563137,1465
563150,1465
563162,1465
563175,1465
563187,1465
563200,1465
563212,1465
563225,1465
563237,1465
563250,1465
563262,1465
563275,1465
563287,1465
563300,1465
563312,1465
563325,1465
563337,1465
563350,1465
563362,1465
563375,1465
563387,1465
563400,1465
563412,1465
563425,1465
563437,1465
563450,1465
563462,1465
563475,1465
563487,1465
563500,1465
563512,1465
563525,1465
563537,1465
563550,1465
563562,1465
563575,1465
563587,1465
563600,1465
563612,1465
563625,1465
563637,1465
563650,1465
563662,1465
563675,1465
563687,1465
563700,1465
563712,1465
563725,1465
563737,1465
563750,1465
563762,1465
563775,1465
563787,1465
563800,1465
563812,1465
563825,1465
563837,1465
563850,1465
563862,1465
563875,1465
563887,1465
563900,1465
563912,1465
563925,1465
563937,1465
563950,1465
563962,1465
563975,1465
563987,1465
564000,1465
564012,1465
564025,1465
564037,1465
564050,1465
564062,1465
564075,1465
564087,1465
564100,1465
564112,1465
564125,1465
564137,1465
564150,1465
564162,1465
564175,1465
564187,1465
564200,1465
564212,1465
564225,1465
564237,1465
564250,1465
564262,1465
564275,1465
564287,1465
564300,1465
564312,1465
564325,1465
564337,1465
564350,1465
564362,1465
564375,1465
564387,1465
564400,1465
564412,1465
564425,1465
564437,1465
564450,1465
564462,1465
564475,1465
564487,1465
564500,1465
564512,1465
564525,1465
564537,1465
564550,1465
564562,1465
564575,1465
564587,1465
564600,1465
564612,1465
564625,1465
564637,1465
564650,1465
564662,1465
564675,1465
564687,1465
564700,1465
564712,1465
564725,1465
564737,1465
564750,1465
564762,1465
564775,1465
564787,1465
564800,1465
564812,1465
564825,1465
564837,1465
564850,1465
564862,1465
564875,1465
564887,1465
564900,1465
564912,1465
564925,1465
564937,1465
564950,1465
564962,1465
564975,1465
564987,1465
565000,1465
565012,1465
565025,1465
565037,1465
565050,1465
565062,1465
565075,1465
565087,1465
565100,1465
565112,1465
565125,1465
565137,1465
565150,1465
565162,1465
565175,1465
565187,1465
565200,1465
565212,1465
565225,1465
565237,1465
565250,1465
565262,1465
565275,1465
565287,1465
565300,1465
565312,1465
565325,1465
565337,1465
565350,1465
565362,1465
565375,1465
565387,1465
565400,1465
565412,1465
565425,1465
565437,1465
565450,1465
565462,1465
565475,1465
565487,1465
565500,1465
565512,1465
565525,1465
565537,1465
565550,1465
565562,1465
565575,1465
565587,1465
565600,1465
565612,1465
565625,1465
565637,1465
565650,1465
565662,1465
565675,1465
565687,1465
565700,1465
565712,1465
565725,1465
565737,1465
565750,1465
565762,1465
565775,1465
565787,1465
565800,1465
565812,1465
565825,1465
565837,1465
565850,1465
565862,1465
565875,1465
565887,1465
565900,1465
565912,1465
565925,1465
565937,1465
565950,1465
565962,1465
565975,1465
565987,1465
566000,1465
566012,1465
566025,1465
566037,1465
566050,1465
566062,1465
566075,1465
566087,1465
566100,1465
566112,1465
566125,1465
566137,1465
566150,1465
566162,1465
566175,1465
566187,1465
566200,1465
566212,1465
566225,1465
566237,1465
566250,1465
566262,1465
566275,1465
566287,1465
566300,1465
566312,1465
566325,1465
566337,1465
566350,1465
566362,1465
566375,1465
566387,1465
566400,1465
566412,1465
566425,1465
566437,1465
566450,1465
566462,1465
566475,1465
566487,1465
566500,1465
566512,1465
566525,1465
566537,1465
566550,1465
566562,1465
566575,1465
566587,1465
566600,1465
566612,1465
566625,1465
566637,1465
566650,1465
566662,1465
566675,1465
566687,1465
566700,1465
566712,1465
566725,1465
566737,1465
566750,1465
566762,1465
566775,1465
566787,1465
566800,1465
566812,1465
566825,1465
566837,1465
566850,1465
566862,1465
566875,1465
566887,1465
566900,1465
566912,1465
566925,1465
566937,1465
566950,1465
566962,1465
566975,1465
566987,1465
567000,1465
567012,1465
567025,1465
567037,1465
567050,1465
567062,1465
567075,1465
567087,1465
567100,1465
567112,1465
567125,1465
567137,1465
567150,1465
567162,1465
567175,1465
567187,1465
567200,1465
567212,1465
567225,1465
567237,1465
567250,1465
567262,1465
567275,1465
567287,1465
567300,1465
567312,1465
567325,1465
567337,1465
567350,1465
567362,1465
567375,1465
567387,1465
567400,1465
567412,1465
567425,1465
567437,1465
567450,1465
567462,1465
567475,1465
567487,1465
567500,1465
567512,1465
567525,1465
567537,1465
567550,1465
567562,1465
567575,1465
567587,1465
567600,1465
567612,1465
567625,1465
567637,1465
567650,1465
567662,1465
567675,1465
567687,1465
567700,1465
567712,1465
567725,1465
567737,1465
567750,1465
567762,1465
567775,1465
567787,1465
567800,1465
567812,1465
567825,1465
567837,1465
567850,1465
567862,1465
567875,1465
567887,1465
567900,1465
567912,1465
567925,1465
567937,1465
567950,1465
567962,1465
567975,1465
567987,1465
568000,1465
568012,1465
568025,1465
568037,1465
568050,1465
568062,1465
568075,1465
568087,1465
568100,1465
568112,1465
568125,1465
568137,1465
568150,1465
568162,1465
568175,1465
568187,1465
568200,1465
568212,1465
568225,1465
568237,1465
568250,1465
568262,1465
568275,1465
568287,1465
568300,1465
568312,1465
568325,1465
568337,1465
568350,1465
568362,1465
568375,1465
568387,1465
568400,1465
568412,1465
568425,1465
568437,1465
568450,1465
568462,1465
568475,1465
568487,1465
568500,1465
568512,1465
568525,1465
568537,1465
568550,1465
568562,1465
568575,1465
568587,1465
568600,1465
568612,1465
568625,1465
568637,1465
568650,1465
568662,1465
568675,1465
568687,1465
568700,1465
568712,1465
568725,1465
568737,1465
568750,1465
568762,1465
568775,1465
568787,1465
568800,1465
568812,1465
568825,1465
568837,1465
568850,1465
568862,1465
568875,1465
568887,1465
568900,1465
568912,1465
568925,1465
568937,1465
568950,1465
568962,1465
568975,1465
568987,1465
569000,1465
569012,1465
569025,1465
569037,1465
569050,1465
569062,1465
569075,1465
569087,1465
569100,1465
569112,1465
569125,1465
569137,1465
569150,1465
569162,1465
569175,1465
569187,1465
569200,1465
569212,1465
569225,1465
569237,1465
569250,1465
569262,1465
569275,1465
569287,1465
569300,1465
569312,1465
569325,1465
569337,1465
569350,1465
569362,1465
569375,1465
569387,1465
569400,1465
569412,1465
569425,1465
569437,1465
569450,1465
569462,1465
569475,1465
569487,1465
569500,1465
569512,1465
569525,1465
569537,1465
569550,1465
569562,1465
569575,1465
569587,1465
569600,1465
569612,1465
569625,1465
569637,1465
569650,1465
569662,1465
569675,1465
569687,1465
569700,1465
569712,1465
569725,1465
569737,1465
569750,1465
569762,1465
569775,1465
569787,1465
569800,1465
569812,1465
569825,1465
569837,1465
569850,1465
569862,1465
569875,1465
569887,1465
569900,1465
569912,1465
569925,1465
569937,1465
569950,1465
569962,1465
569975,1465
569987,1465
570000,1465
570012,1465
570025,1465
570037,1465
570050,1465
570062,1465
570075,1465
570087,1465
570100,1465
570112,1465
570125,1465
570137,1465
570150,1465
570162,1465
570175,1465
570187,1465
570200,1465
570212,1465
570225,1465
570237,1465
570250,1465
570262,1465
570275,1465
570287,1465
570300,1465
570312,1465
570325,1465
570337,1465
570350,1465
570362,1465
570375,1465
570387,1465
570400,1465
570412,1465
570425,1465
570437,1465
570450,1465
570462,1465
570475,1465
570487,1465
570500,1465
570512,1465
570525,1465
570537,1465
570550,1465
570562,1465
570575,1465
570587,1465
570600,1465
570612,1465
570625,1465
570637,1465
570650,1465
570662,1465
570675,1465
570687,1465
570700,1465
570712,1465
570725,1465
570737,1465
570750,1465
570762,1465
570775,1465
570787,1465
570800,1465
570812,1465
570825,1465
570837,1465
570850,1465
570862,1465
570875,1465
570887,1465
570900,1465
570912,1465
570925,1465
570937,1465
570950,1465
570962,1465
570975,1465
570987,1465
571000,1465
571012,1465
571025,1465
571037,1465
571050,1465
571062,1465
571075,1465
571087,1465
571100,1465
571112,1465
571125,1465
571137,1465
571150,1465
571162,1465
571175,1465
571187,1465
571200,1465
571212,1465
571225,1465
571237,1465
571250,1465
571262,1465
571275,1465
571287,1465
571300,1465
571312,1465
571325,1465
571337,1465
571350,1465
571362,1465
571375,1465
571387,1465
571400,1465
571412,1465
571425,1465
571437,1465
571450,1465
571462,1465
571475,1465
571487,1465
571500,1465
571512,1465
571525,1465
571537,1465
571550,1465
571562,1465
571575,1465
571587,1465
571600,1465
571612,1465
571625,1465
571637,1465
571650,1465
571662,1465
571675,1465
571687,1465
571700,1465
571712,1465
571725,1465
571737,1465
571750,1465
571762,1465
571775,1465
571787,1465
571800,1465
571812,1465
571825,1465
571837,1465
571850,1465
571862,1465
571875,1465
571887,1465
571900,1465
571912,1465
571925,1465
571937,1465
571950,1465
571962,1465
571975,1465
571987,1465
572000,1465
572012,1465
572025,1465
572037,1465
572050,1465
572062,1465
572075,1465
572087,1465
572100,1465
572112,1465
572125,1465
572137,1465
572150,1465
572162,1465
572175,1465
572187,1465
572200,1465
572212,1465
572225,1465
572237,1465
572250,1465
572262,1465
572275,1465
572287,1465
572300,1465
572312,1465
572325,1465
572337,1465
572350,1465
572362,1465
572375,1465
572387,1465
572400,1465
572412,1465
572425,1465
572437,1465
572450,1465
572462,1465
572475,1465
572487,1465
572500,1465
572512,1465
572525,1465
572537,1465
572550,1465
572562,1465
572575,1465
572587,1465
572600,1465
572612,1465
572625,1465
572637,1465
572650,1465
572662,1465
572675,1465
572687,1465
572700,1465
572712,1465
572725,1465
572737,1465
572750,1465
572762,1465
572775,1465
572787,1465
572800,1465
572812,1465
572825,1465
572837,1465
572850,1465
572862,1465
572875,1465
572887,1465
572900,1465
572912,1465
572925,1465
572937,1465
572950,1465
572962,1465
572975,1465
572987,1465
573000,1465
573012,1465
573025,1465
573037,1465
573050,1465
573062,1465
573075,1465
573087,1465
573100,1465
573112,1465
573125,1465
573137,1465
573150,1465
573162,1465
573175,1465
573187,1465
573200,1465
573212,1465
573225,1465
573237,1465
573250,1465
573262,1465
573275,1465
573287,1465
573300,1465
573312,1465
573325,1465
573337,1465
573350,1465
573362,1465
573375,1465
573387,1465
573400,1465
573412,1465
573425,1465
573437,1465
573450,1465
573462,1465
573475,1465
573487,1465
573500,1465
573512,1465
573525,1465
573537,1465
573550,1465
573562,1465
573575,1465
573587,1465
573600,1465
573612,1465
573625,1465
573637,1465
573650,1465
573662,1465
573675,1465
573687,1465
573700,1465
573712,1465
573725,1465
573737,1465
573750,1465
573762,1465
573775,1465
573787,1465
573800,1465
573812,1465
573825,1465
573837,1465
573850,1465
573862,1465
573875,1465
573887,1465
573900,1465
573912,1465
573925,1465
573937,1465
573950,1465
573962,1465
573975,1465
573987,1465
574000,1465
574012,1465
574025,1465
574037,1465
574050,1465
574062,1465
574075,1465
574087,1465
574100,1465
574112,1465
574125,1465
574137,1465
574150,1465
574162,1465
574175,1465
574187,1465
574200,1465
574212,1465
574225,1465
574237,1465
574250,1465
574262,1465
574275,1465
574287,1465
574300,1465
574312,1465
574325,1465
574337,1465
574350,1465
574362,1465
574375,1465
574387,1465
574400,1465
574412,1465
574425,1465
574437,1465
574450,1465
574462,1465
574475,1465
574487,1465
574500,1465
574512,1465
574525,1465
574537,1465
574550,1465
574562,1465
574575,1465
574587,1465
574600,1465
574612,1465
574625,1465
574637,1465
574650,1465
574662,1465
574675,1465
574687,1465
574700,1465
574712,1465
574725,1465
574737,1465
574750,1465
574762,1465
574775,1465
574787,1465
574800,1465
574812,1465
574825,1465
574837,1465
574850,1465
574862,1465
574875,1465
574887,1465
574900,1465
574912,1465
574925,1465
574937,1465
574950,1465
574962,1465
574975,1465
574987,1465
575000,1465
575012,1465
575025,1465
575037,1465
575050,1465
575062,1465
575075,1465
575087,1465
575100,1465
575112,1465
575125,1465
575137,1465
575150,1465
575162,1465
575175,1465
575187,1465
575200,1465
575212,1465
575225,1465
575237,1465
575250,1465
575262,1465
575275,1465
575287,1465
575300,1465
575312,1465
575325,1465
575337,1465
575350,1465
575362,1465
575375,1465
575387,1465
575400,1465
575412,1465
575425,1465
575437,1465
575450,1465
575462,1465
575475,1465
575487,1465
575500,1465
575512,1465
575525,1465
575537,1465
575550,1465
575562,1465
575575,1465
575587,1465
575600,1465
575612,1465
575625,1465
575637,1465
575650,1465
575662,1465
575675,1465
575687,1465
575700,1465
575712,1465
575725,1465
575737,1465
575750,1465
575762,1465
575775,1465
575787,1465
575800,1465
575812,1465
575825,1465
575837,1465
575850,1465
575862,1465
575875,1465
575887,1465
575900,1465
575912,1465
575925,1465
575937,1465
575950,1465
575962,1465
575975,1465
575987,1465
576000,1465
576012,1465
576025,1465
576037,1465
576050,1465
576062,1465
576075,1465
576087,1465
576100,1465
576112,1465
576125,1465
576137,1465
576150,1465
576162,1465
576175,1465
576187,1465
576200,1465
576212,1465
576225,1465
576237,1465
576250,1465
576262,1465
576275,1465
576287,1465
576300,1465
576312,1465
576325,1465
576337,1465
576350,1465
576362,1465
576375,1465
576387,1465
576400,1465
576412,1465
576425,1465
576437,1465
576450,1465
576462,1465
576475,1465
576487,1465
576500,1465
576512,1465
576525,1465
576537,1465
576550,1465
576562,1465
576575,1465
576587,1465
576600,1465
576612,1465
576625,1465
576637,1465
576650,1465
576662,1465
576675,1465
576687,1465
576700,1465
576712,1465
576725,1465
576737,1465
576750,1465
576762,1465
576775,1465
576787,1465
576800,1465
576812,1465
576825,1465
576837,1465
576850,1465
576862,1465
576875,1465
576887,1465
576900,1465
576912,1465
576925,1465
576937,1465
576950,1465
576962,1465
576975,1465
576987,1465
577000,1465
577012,1465
577025,1465
577037,1465
577050,1465
577062,1465
577075,1465
577087,1465
577100,1465
577112,1465
577125,1465
577137,1465
577150,1465
577162,1465
577175,1465
577187,1465
577200,1465
577212,1465
577225,1465
577237,1465
577250,1465
577262,1465
577275,1465
577287,1465
577300,1465
577312,1465
577325,1465
577337,1465
577350,1465
577362,1465
577375,1465
577387,1465
577400,1465
577412,1465
577425,1465
577437,1465
577450,1465
577462,1465
577475,1465
577487,1465
577500,1465
577512,1465
577525,1465
577537,1465
577550,1465
577562,1465
577575,1465
577587,1465
577600,1465
577612,1465
577625,1465
577637,1465
577650,1465
577662,1465
577675,1465
577687,1465
577700,1465
577712,1465
577725,1465
577737,1465
577750,1465
577762,1465
577775,1465
577787,1465
577800,1465
577812,1465
577825,1465
577837,1465
577850,1465
577862,1465
577875,1465
577887,1465
577900,1465
577912,1465
577925,1465
577937,1465
577950,1465
577962,1465
577975,1465
577987,1465
578000,1465
578012,1465
578025,1465
578037,1465
578050,1465
578062,1465
578075,1465
578087,1465
578100,1465
578112,1465
578125,1465
578137,1465
578150,1465
578162,1465
578175,1465
578187,1465
578200,1465
578212,1465
578225,1465
578237,1465
578250,1465
578262,1465
578275,1465
578287,1465
578300,1465
578312,1465
578325,1465
578337,1465
578350,1465
578362,1465
578375,1465
578387,1465
578400,1465
578412,1465
578425,1465
578437,1465
578450,1465
578462,1465
578475,1465
578487,1465
578500,1465
578512,1465
578525,1465
578537,1465
578550,1465
578562,1465
578575,1465
578587,1465
578600,1465
578612,1465
578625,1465
578637,1465
578650,1465
578662,1465
578675,1465
578687,1465
578700,1465
578712,1465
578725,1465
578737,1465
578750,1465
578762,1465
578775,1465
578787,1465
578800,1465
578812,1465
578825,1465
578837,1465
578850,1465
578862,1465
578875,1465
578887,1465
578900,1465
578912,1465
578925,1465
578937,1465
578950,1465
578962,1465
578975,1465
578987,1465
579000,1465
579012,1465
579025,1465
579037,1465
579050,1465
579062,1465
579075,1465
579087,1465
579100,1465
579112,1465
579125,1465
579137,1465
579150,1465
579162,1465
579175,1465
579187,1465
579200,1465
579212,1465
579225,1465
579237,1465
579250,1465
579262,1465
579275,1465
579287,1465
579300,1465
579312,1465
579325,1465
579337,1465
579350,1465
579362,1465
579375,1465
579387,1465
579400,1465
579412,1465
579425,1465
579437,1465
579450,1465
579462,1465
579475,1465
579487,1465
579500,1465
579512,1465
579525,1465
579537,1465
579550,1465
579562,1465
579575,1465
579587,1465
579600,1465
579612,1465
579625,1465
579637,1465
579650,1465
579662,1465
579675,1465
579687,1465
579700,1465
579712,1465
579725,1465
579737,1465
579750,1465
579762,1465
579775,1465
579787,1465
579800,1465
579812,1465
579825,1465
579837,1465
579850,1465
579862,1465
579875,1465
579887,1465
579900,1465
579912,1465
579925,1465
579937,1465
579950,1465
579962,1465
579975,1465
579987,1465
580000,1465
580012,1465
580025,1465
580037,1465
580050,1465
580062,1465
580075,1465
580087,1465
580100,1465
580112,1465
580125,1465
580137,1465
580150,1465
580162,1465
580175,1465
580187,1465
580200,1465
580212,1465
580225,1465
580237,1465
580250,1465
580262,1465
580275,1465
580287,1465
580300,1465
580312,1465
580325,1465
580337,1465
580350,1465
580362,1465
580375,1465
580387,1465
580400,1465
580412,1465
580425,1465
580437,1465
580450,1465
580462,1465
580475,1465
580487,1465
580500,1465
580512,1465
580525,1465
580537,1465
580550,1465
580562,1465
580575,1465
580587,1465
580600,1465
580612,1465
580625,1465
580637,1465
580650,1465
580662,1465
580675,1465
580687,1465
580700,1465
580712,1465
580725,1465
580737,1465
580750,1465
580762,1465
580775,1465
580787,1465
580800,1465
580812,1465
580825,1465
580837,1465
580850,1465
580862,1465
580875,1465
580887,1465
580900,1465
580912,1465
580925,1465
580937,1465
580950,1465
580962,1465
580975,1465
580987,1465
581000,1465
581012,1465
581025,1465
581037,1465
581050,1465
581062,1465
581075,1465
581087,1465
581100,1465
581112,1465
581125,1465
581137,1465
581150,1465
581162,1465
581175,1465
581187,1465
581200,1465
581212,1465
581225,1465
581237,1465
581250,1465
581262,1465
581275,1465
581287,1465
581300,1465
581312,1465
581325,1465
581337,1465
581350,1465
581362,1465
581375,1465
581387,1465
581400,1465
581412,1465
581425,1465
581437,1465
581450,1465
581462,1465
581475,1465
581487,1465
581500,1465
581512,1465
581525,1465
581537,1465
581550,1465
581562,1465
581575,1465
581587,1465
581600,1465
581612,1465
581625,1465
581637,1465
581650,1465
