y,count
4193975,2041
4193987,2041
4194000,2041
4194012,2041
4194025,2041
4194037,2041
4194050,2041
4194062,2041
4194075,2041
4194087,2041
4194100,2041
4194112,2041
4194125,2041
4194137,2041
4194150,2041
4194162,2041
4194175,2041
4194187,2041
4194200,2041
4194212,2041
4194225,2041
4194237,2041
4194250,2041
4194262,2041
4194275,2041
4194287,2041
4194300,2041
4194312,2041
4194325,2041
4194337,2041
4194350,2041
4194362,2041
4194375,2041
4194387,2041
4194400,2041
4194412,2041
4194425,2041
4194437,2041
4194450,2041
4194462,2041
4194475,2041
4194487,2041
4194500,2041
4194512,2041
4194525,2041
4194537,2041
4194550,2041
4194562,2041
4194575,2041
4194587,2041
4194600,2041
4194612,2041
4194625,2041
4194637,2041
4194650,2041
4194662,2041
4194675,2041
4194687,2041
4194700,2041
4194712,2041
4194725,2041
4194737,2041
4194750,2041
4194762,2041
4194775,2041
4194787,2041
4194800,2041
4194812,2041
4194825,2041
4194837,2041
4194850,2041
4194862,2041
4194875,2041
4194887,2041
4194900,2041
4194912,2041
4194925,2041
4194937,2041
4194950,2041
4194962,2041
4194975,2041
4194987,2041
4195000,2041
4195012,2041
4195025,2041
4195037,2041
4195050,2041
4195062,2041
4195075,2041
4195087,2041
4195100,2041
4195112,2041
4195125,2041
4195137,2041
4195150,2041
4195162,2041
4195175,2041
4195187,2041
4195200,2041
4195212,2041
4195225,2041
4195237,2041
4195250,2041
4195262,2041
4195275,2041
4195287,2041
4195300,2041
4195312,2041
4195325,2041
4195337,2041
4195350,2041
4195362,2041
4195375,2041
4195387,2041
4195400,2041
4195412,2041
4195425,2041
4195437,2041
4195450,2041
4195462,2041
4195475,2041
4195487,2041
4195500,2041
4195512,2041
4195525,2041
4195537,2041
4195550,2041
4195562,2041
4195575,2041
4195587,2041
4195600,2041
4195612,2041
4195625,2041
4195637,2041
4195650,2041
4195662,2041
4195675,2041
4195687,2041
4195700,2041
4195712,2041
4195725,2041
4195737,2041
4195750,2041
4195762,2041
4195775,2041
4195787,2041
4195800,2041
4195812,2041
4195825,2041
4195837,2041
4195850,2041
4195862,2041
4195875,2041
4195887,2041
4195900,2041
4195912,2041
4195925,2041
4195937,2041
4195950,2041
4195962,2041
4195975,2041
4195987,2041
4196000,2041
4196012,2041
4196025,2041
4196037,2041
4196050,2041
4196062,2041
4196075,2041
4196087,2041
4196100,2041
4196112,2041
4196125,2041
4196137,2041
4196150,2041
4196162,2041
4196175,2041
4196187,2041
4196200,2041
4196212,2041
4196225,2041
4196237,2041
4196250,2041
4196262,2041
4196275,2041
4196287,2041
4196300,2041
4196312,2041
4196325,2041
4196337,2041
4196350,2041
4196362,2041
4196375,2041
4196387,2041
4196400,2041
4196412,2041
4196425,2041
4196437,2041
4196450,2041
4196462,2041
4196475,2041
4196487,2041
4196500,2041
4196512,2041
4196525,2041
4196537,2041
4196550,2041
4196562,2041
4196575,2041
4196587,2041
4196600,2041
4196612,2041
4196625,2041
4196637,2041
4196650,2041
4196662,2041
4196675,2041
4196687,2041
4196700,2041
4196712,2041
4196725,2041
4196737,2041
4196750,2041
4196762,2041
4196775,2041
4196787,2041
4196800,2041
4196812,2041
4196825,2041
4196837,2041
4196850,2041
4196862,2041
4196875,2041
4196887,2041
4196900,2041
4196912,2041
4196925,2041
4196937,2041
4196950,2041
4196962,2041
4196975,2041
4196987,2041
4197000,2041
4197012,2041
4197025,2041
4197037,2041
4197050,2041
4197062,2041
4197075,2041
4197087,2041
4197100,2041
4197112,2041
4197125,2041
4197137,2041
4197150,2041
4197162,2041
4197175,2041
4197187,2041
4197200,2041
4197212,2041
4197225,2041
4197237,2041
4197250,2041
4197262,2041
4197275,2041
4197287,2041
4197300,2041
4197312,2041
4197325,2041
4197337,2041
4197350,2041
4197362,2041
4197375,2041
4197387,2041
4197400,2041
4197412,2041
4197425,2041
4197437,2041
4197450,2041
4197462,2041
4197475,2041
4197487,2041
4197500,2041
4197512,2041
4197525,2041
4197537,2041
4197550,2041
4197562,2041
4197575,2041
4197587,2041
4197600,2041
4197612,2041
4197625,2041
4197637,2041
4197650,2041
4197662,2041
4197675,2041
4197687,2041
4197700,2041
4197712,2041
4197725,2041
4197737,2041
4197750,2041
4197762,2041
4197775,2041
4197787,2041
4197800,2041
4197812,2041
4197825,2041
4197837,2041
4197850,2041
4197862,2041
4197875,2041
4197887,2041
4197900,2041
4197912,2041
4197925,2041
4197937,2041
4197950,2041
4197962,2041
4197975,2041
4197987,2041
4198000,2041
4198012,2041
4198025,2041
4198037,2041
4198050,2041
4198062,2041
4198075,2041
4198087,2041
4198100,2041
4198112,2041
4198125,2041
4198137,2041
4198150,2041
4198162,2041
4198175,2041
4198187,2041
4198200,2041
4198212,2041
4198225,2041
4198237,2041
4198250,2041
4198262,2041
4198275,2041
4198287,2041
4198300,2041
4198312,2041
4198325,2041
4198337,2041
4198350,2041
4198362,2041
4198375,2041
4198387,2041
4198400,2041
4198412,2041
4198425,2041
4198437,2041
4198450,2041
4198462,2041
4198475,2041
4198487,2041
4198500,2041
4198512,2041
4198525,2041
4198537,2041
4198550,2041
4198562,2041
4198575,2041
4198587,2041
4198600,2041
4198612,2041
4198625,2041
4198637,2041
4198650,2041
4198662,2041
4198675,2041
4198687,2041
4198700,2041
4198712,2041
4198725,2041
4198737,2041
4198750,2041
4198762,2041
4198775,2041
4198787,2041
4198800,2041
4198812,2041
4198825,2041
4198837,2041
4198850,2041
4198862,2041
4198875,2041
4198887,2041
4198900,2041
4198912,2041
4198925,2041
4198937,2041
4198950,2041
4198962,2041
4198975,2041
4198987,2041
4199000,2041
4199012,2041
4199025,2041
4199037,2041
4199050,2041
4199062,2041
4199075,2041
4199087,2041
4199100,2041
4199112,2041
4199125,2041
4199137,2041
4199150,2041
4199162,2041
4199175,2041
4199187,2041
4199200,2041
4199212,2041
4199225,2041
4199237,2041
4199250,2041
4199262,2041
4199275,2041
4199287,2041
4199300,2041
4199312,2041
4199325,2041
4199337,2041
4199350,2041
4199362,2041
4199375,2041
4199387,2041
4199400,2041
4199412,2041
4199425,2041
4199437,2041
4199450,2041
4199462,2041
4199475,2041
4199487,2041
4199500,2041
4199512,2041
4199525,2041
4199537,2041
4199550,2041
4199562,2041
4199575,2041
4199587,2041
4199600,2041
4199612,2041
4199625,2041
4199637,2041
4199650,2041
4199662,2041
4199675,2041
4199687,2041
4199700,2041
4199712,2041
4199725,2041
4199737,2041
4199750,2041
4199762,2041
4199775,2041
4199787,2041
4199800,2041
4199812,2041
4199825,2041
4199837,2041
4199850,2041
4199862,2041
4199875,2041
4199887,2041
4199900,2041
4199912,2041
4199925,2041
4199937,2041
4199950,2041
4199962,2041
4199975,2041
4199987,2041
4200000,2041
4200012,2041
4200025,2041
4200037,2041
4200050,2041
4200062,2041
4200075,2041
4200087,2041
4200100,2041
4200112,2041
4200125,2041
4200137,2041
4200150,2041
4200162,2041
4200175,2041
4200187,2041
4200200,2041
4200212,2041
4200225,2041
4200237,2041
4200250,2041
4200262,2041
4200275,2041
4200287,2041
4200300,2041
4200312,2041
4200325,2041
4200337,2041
4200350,2041
4200362,2041
4200375,2041
4200387,2041
4200400,2041
4200412,2041
4200425,2041
4200437,2041
4200450,2041
4200462,2041
4200475,2041
4200487,2041
4200500,2041
4200512,2041
4200525,2041
4200537,2041
4200550,2041
4200562,2041
4200575,2041
4200587,2041
4200600,2041
4200612,2041
4200625,2041
4200637,2041
4200650,2041
4200662,2041
4200675,2041
4200687,2041
4200700,2041
4200712,2041
4200725,2041
4200737,2041
4200750,2041
4200762,2041
4200775,2041
4200787,2041
4200800,2041
4200812,2041
4200825,2041
4200837,2041
4200850,2041
4200862,2041
4200875,2041
4200887,2041
4200900,2041
4200912,2041
4200925,2041
4200937,2041
4200950,2041
4200962,2041
4200975,2041
4200987,2041
4201000,2041
4201012,2041
4201025,2041
4201037,2041
4201050,2041
4201062,2041
4201075,2041
4201087,2041
4201100,2041
4201112,2041
4201125,2041
4201137,2041
4201150,2041
4201162,2041
4201175,2041
4201187,2041
4201200,2041
4201212,2041
4201225,2041
4201237,2041
4201250,2041
4201262,2041
4201275,2041
4201287,2041
4201300,2041
4201312,2041
4201325,2041
4201337,2041
4201350,2041
4201362,2041
4201375,2041
4201387,2041
4201400,2041
4201412,2041
4201425,2041
4201437,2041
4201450,2041
4201462,2041
4201475,2041
4201487,2041
4201500,2041
4201512,2041
4201525,2041
4201537,2041
4201550,2041
4201562,2041
4201575,2041
4201587,2041
4201600,2041
4201612,2041
4201625,2041
4201637,2041
4201650,2041
4201662,2041
4201675,2041
4201687,2041
4201700,2041
4201712,2041
4201725,2041
4201737,2041
4201750,2041
4201762,2041
4201775,2041
4201787,2041
4201800,2041
4201812,2041
4201825,2041
4201837,2041
4201850,2041
4201862,2041
4201875,2041
4201887,2041
4201900,2041
4201912,2041
4201925,2041
4201937,2041
4201950,2041
4201962,2041
4201975,2041
4201987,2041
4202000,2041
4202012,2041
4202025,2041
4202037,2041
4202050,2041
4202062,2041
4202075,2041
4202087,2041
4202100,2041
4202112,2041
4202125,2041
4202137,2041
4202150,2041
4202162,2041
4202175,2041
4202187,2041
4202200,2041
4202212,2041
4202225,2041
4202237,2041
4202250,2041
4202262,2041
4202275,2041
4202287,2041
4202300,2041
4202312,2041
4202325,2041
4202337,2041
4202350,2041
4202362,2041
4202375,2041
4202387,2041
4202400,2041
4202412,2041
4202425,2041
4202437,2041
4202450,2041
4202462,2041
4202475,2041
4202487,2041
4202500,2041
4202512,2041
4202525,2041
4202537,2041
4202550,2041
4202562,2041
4202575,2041
4202587,2041
4202600,2041
4202612,2041
4202625,2041
4202637,2041
4202650,2041
4202662,2041
4202675,2041
4202687,2041
4202700,2041
4202712,2041
4202725,2041
4202737,2041
4202750,2041
4202762,2041
4202775,2041
4202787,2041
4202800,2041
4202812,2041
4202825,2041
4202837,2041
4202850,2041
4202862,2041
4202875,2041
4202887,2041
4202900,2041
4202912,2041
4202925,2041
4202937,2041
4202950,2041
4202962,2041
4202975,2041
4202987,2041
4203000,2041
4203012,2041
4203025,2041
4203037,2041
4203050,2041
4203062,2041
4203075,2041
4203087,2041
4203100,2041
4203112,2041
4203125,2041
4203137,2041
4203150,2041
4203162,2041
4203175,2041
4203187,2041
4203200,2041
4203212,2041
4203225,2041
4203237,2041
4203250,2041
4203262,2041
4203275,2041
4203287,2041
4203300,2041
4203312,2041
4203325,2041
4203337,2041
4203350,2041
4203362,2041
4203375,2041
4203387,2041
4203400,2041
4203412,2041
4203425,2041
4203437,2041
4203450,2041
4203462,2041
4203475,2041
4203487,2041
4203500,2041
4203512,2041
4203525,2041
4203537,2041
4203550,2041
4203562,2041
4203575,2041
4203587,2041
4203600,2041
4203612,2041
4203625,2041
4203637,2041
4203650,2041
4203662,2041
4203675,2041
4203687,2041
4203700,2041
4203712,2041
4203725,2041
4203737,2041
4203750,2041
4203762,2041
4203775,2041
4203787,2041
4203800,2041
4203812,2041
4203825,2041
4203837,2041
4203850,2041
4203862,2041
4203875,2041
4203887,2041
4203900,2041
4203912,2041
4203925,2041
4203937,2041
4203950,2041
4203962,2041
4203975,2041
4203987,2041
4204000,2041
4204012,2041
4204025,2041
4204037,2041
4204050,2041
4204062,2041
4204075,2041
4204087,2041
4204100,2041
4204112,2041
4204125,2041
4204137,2041
4204150,2041
4204162,2041
4204175,2041
4204187,2041
4204200,2041
4204212,2041
4204225,2041
4204237,2041
4204250,2041
4204262,2041
4204275,2041
4204287,2041
4204300,2041
4204312,2041
4204325,2041
4204337,2041
4204350,2041
4204362,2041
4204375,2041
4204387,2041
4204400,2041
4204412,2041
4204425,2041
4204437,2041
4204450,2041
4204462,2041
4204475,2041
4204487,2041
4204500,2041
4204512,2041
4204525,2041
4204537,2041
4204550,2041
4204562,2041
4204575,2041
4204587,2041
4204600,2041
4204612,2041
4204625,2041
4204637,2041
4204650,2041
4204662,2041
4204675,2041
4204687,2041
4204700,2041
4204712,2041
4204725,2041
4204737,2041
4204750,2041
4204762,2041
4204775,2041
4204787,2041
4204800,2041
4204812,2041
4204825,2041
4204837,2041
4204850,2041
4204862,2041
4204875,2041
4204887,2041
4204900,2041
4204912,2041
4204925,2041
4204937,2041
4204950,2041
4204962,2041
4204975,2041
4204987,2041
4205000,2041
4205012,2041
4205025,2041
4205037,2041
4205050,2041
4205062,2041
4205075,2041
4205087,2041
4205100,2041
4205112,2041
4205125,2041
4205137,2041
4205150,2041
4205162,2041
4205175,2041
4205187,2041
4205200,2041
4205212,2041
4205225,2041
4205237,2041
4205250,2041
4205262,2041
4205275,2041
4205287,2041
4205300,2041
4205312,2041
4205325,2041
4205337,2041
4205350,2041
4205362,2041
4205375,2041
4205387,2041
4205400,2041
4205412,2041
4205425,2041
4205437,2041
4205450,2041
4205462,2041
4205475,2041
4205487,2041
4205500,2041
4205512,2041
4205525,2041
4205537,2041
4205550,2041
4205562,2041
4205575,2041
4205587,2041
4205600,2041
4205612,2041
4205625,2041
4205637,2041
4205650,2041
4205662,2041
4205675,2041
4205687,2041
4205700,2041
4205712,2041
4205725,2041
4205737,2041
4205750,2041
4205762,2041
4205775,2041
4205787,2041
4205800,2041
4205812,2041
4205825,2041
4205837,2041
4205850,2041
4205862,2041
4205875,2041
4205887,2041
4205900,2041
4205912,2041
4205925,2041
4205937,2041
4205950,2041
4205962,2041
4205975,2041
4205987,2041
4206000,2041
4206012,2041
4206025,2041
4206037,2041
4206050,2041
4206062,2041
4206075,2041
4206087,2041
4206100,2041
4206112,2041
4206125,2041
4206137,2041
4206150,2041
4206162,2041
4206175,2041
4206187,2041
4206200,2041
4206212,2041
4206225,2041
4206237,2041
4206250,2041
4206262,2041
4206275,2041
4206287,2041
4206300,2041
4206312,2041
4206325,2041
4206337,2041
4206350,2041
4206362,2041
4206375,2041
4206387,2041
4206400,2041
4206412,2041
4206425,2041
4206437,2041
4206450,2041
4206462,2041
4206475,2041
4206487,2041
4206500,2041
4206512,2041
4206525,2041
4206537,2041
4206550,2041
4206562,2041
4206575,2041
4206587,2041
4206600,2041
4206612,2041
4206625,2041
4206637,2041
4206650,2041
4206662,2041
4206675,2041
4206687,2041
4206700,2041
4206712,2041
4206725,2041
4206737,2041
4206750,2041
4206762,2041
4206775,2041
4206787,2041
4206800,2041
4206812,2041
4206825,2041
4206837,2041
4206850,2041
4206862,2041
4206875,2041
4206887,2041
4206900,2041
4206912,2041
4206925,2041
4206937,2041
4206950,2041
4206962,2041
4206975,2041
4206987,2041
4207000,2041
4207012,2041
4207025,2041
4207037,2041
4207050,2041
4207062,2041
4207075,2041
4207087,2041
4207100,2041
4207112,2041
4207125,2041
4207137,2041
4207150,2041
4207162,2041
4207175,2041
4207187,2041
4207200,2041
4207212,2041
4207225,2041
4207237,2041
4207250,2041
4207262,2041
4207275,2041
4207287,2041
4207300,2041
4207312,2041
4207325,2041
4207337,2041
4207350,2041
4207362,2041
4207375,2041
4207387,2041
4207400,2041
4207412,2041
4207425,2041
4207437,2041
4207450,2041
4207462,2041
4207475,2041
4207487,2041
4207500,2041
4207512,2041
4207525,2041
4207537,2041
4207550,2041
4207562,2041
4207575,2041
4207587,2041
4207600,2041
4207612,2041
4207625,2041
4207637,2041
4207650,2041
4207662,2041
4207675,2041
4207687,2041
4207700,2041
4207712,2041
4207725,2041
4207737,2041
4207750,2041
4207762,2041
4207775,2041
4207787,2041
4207800,2041
4207812,2041
4207825,2041
4207837,2041
4207850,2041
4207862,2041
4207875,2041
4207887,2041
4207900,2041
4207912,2041
4207925,2041
4207937,2041
4207950,2041
4207962,2041
4207975,2041
4207987,2041
4208000,2041
4208012,2041
4208025,2041
4208037,2041
4208050,2041
4208062,2041
4208075,2041
4208087,2041
4208100,2041
4208112,2041
4208125,2041
4208137,2041
4208150,2041
4208162,2041
4208175,2041
4208187,2041
4208200,2041
4208212,2041
4208225,2041
4208237,2041
4208250,2041
4208262,2041
4208275,2041
4208287,2041
4208300,2041
4208312,2041
4208325,2041
4208337,2041
4208350,2041
4208362,2041
4208375,2041
4208387,2041
4208400,2041
4208412,2041
4208425,2041
4208437,2041
4208450,2041
4208462,2041
4208475,2041
4208487,2041
4208500,2041
4208512,2041
4208525,2041
4208537,2041
4208550,2041
4208562,2041
4208575,2041
4208587,2041
4208600,2041
4208612,2041
4208625,2041
4208637,2041
4208650,2041
4208662,2041
4208675,2041
4208687,2041
4208700,2041
4208712,2041
4208725,2041
4208737,2041
4208750,2041
4208762,2041
4208775,2041
4208787,2041
4208800,2041
4208812,2041
4208825,2041
4208837,2041
4208850,2041
4208862,2041
4208875,2041
4208887,2041
4208900,2041
4208912,2041
4208925,2041
4208937,2041
4208950,2041
4208962,2041
4208975,2041
4208987,2041
4209000,2041
4209012,2041
4209025,2041
4209037,2041
4209050,2041
4209062,2041
4209075,2041
4209087,2041
4209100,2041
4209112,2041
4209125,2041
4209137,2041
4209150,2041
4209162,2041
4209175,2041
4209187,2041
4209200,2041
4209212,2041
4209225,2041
4209237,2041
4209250,2041
4209262,2041
4209275,2041
4209287,2041
4209300,2041
4209312,2041
4209325,2041
4209337,2041
4209350,2041
4209362,2041
4209375,2041
4209387,2041
4209400,2041
4209412,2041
4209425,2041
4209437,2041
4209450,2041
4209462,2041
4209475,2041
4209487,2041
4209500,2041
4209512,2041
4209525,2041
4209537,2041
4209550,2041
4209562,2041
4209575,2041
4209587,2041
4209600,2041
4209612,2041
4209625,2041
4209637,2041
4209650,2041
4209662,2041
4209675,2041
4209687,2041
4209700,2041
4209712,2041
4209725,2041
4209737,2041
4209750,2041
4209762,2041
4209775,2041
4209787,2041
4209800,2041
4209812,2041
4209825,2041
4209837,2041
4209850,2041
4209862,2041
4209875,2041
4209887,2041
4209900,2041
4209912,2041
4209925,2041
4209937,2041
4209950,2041
4209962,2041
4209975,2041
4209987,2041
4210000,2041
4210012,2041
4210025,2041
4210037,2041
4210050,2041
4210062,2041
4210075,2041
4210087,2041
4210100,2041
4210112,2041
4210125,2041
4210137,2041
4210150,2041
4210162,2041
4210175,2041
4210187,2041
4210200,2041
4210212,2041
4210225,2041
4210237,2041
4210250,2041
4210262,2041
4210275,2041
4210287,2041
4210300,2041
4210312,2041
4210325,2041
4210337,2041
4210350,2041
4210362,2041
4210375,2041
4210387,2041
4210400,2041
4210412,2041
4210425,2041
4210437,2041
4210450,2041
4210462,2041
4210475,2041
4210487,2041
4210500,2041
4210512,2041
4210525,2041
4210537,2041
4210550,2041
4210562,2041
4210575,2041
4210587,2041
4210600,2041
4210612,2041
4210625,2041
4210637,2041
4210650,2041
4210662,2041
4210675,2041
4210687,2041
4210700,2041
4210712,2041
4210725,2041
4210737,2041
4210750,2041
4210762,2041
4210775,2041
4210787,2041
4210800,2041
4210812,2041
4210825,2041
4210837,2041
4210850,2041
4210862,2041
4210875,2041
4210887,2041
4210900,2041
4210912,2041
4210925,2041
4210937,2041
4210950,2041
4210962,2041
4210975,2041
4210987,2041
4211000,2041
4211012,2041
4211025,2041
4211037,2041
4211050,2041
4211062,2041
4211075,2041
4211087,2041
4211100,2041
4211112,2041
4211125,2041
4211137,2041
4211150,2041
4211162,2041
4211175,2041
4211187,2041
4211200,2041
4211212,2041
4211225,2041
4211237,2041
4211250,2041
4211262,2041
4211275,2041
4211287,2041
4211300,2041
4211312,2041
4211325,2041
4211337,2041
4211350,2041
4211362,2041
4211375,2041
4211387,2041
4211400,2041
4211412,2041
4211425,2041
4211437,2041
4211450,2041
4211462,2041
4211475,2041
4211487,2041
4211500,2041
4211512,2041
4211525,2041
4211537,2041
4211550,2041
4211562,2041
4211575,2041
4211587,2041
4211600,2041
4211612,2041
4211625,2041
4211637,2041
4211650,2041
4211662,2041
4211675,2041
4211687,2041
4211700,2041
4211712,2041
4211725,2041
4211737,2041
4211750,2041
4211762,2041
4211775,2041
4211787,2041
4211800,2041
4211812,2041
4211825,2041
4211837,2041
4211850,2041
4211862,2041
4211875,2041
4211887,2041
4211900,2041
4211912,2041
4211925,2041
4211937,2041
4211950,2041
4211962,2041
4211975,2041
4211987,2041
4212000,2041
4212012,2041
4212025,2041
4212037,2041
4212050,2041
4212062,2041
4212075,2041
4212087,2041
4212100,2041
4212112,2041
4212125,2041
4212137,2041
4212150,2041
4212162,2041
4212175,2041
4212187,2041
4212200,2041
4212213,2041
4212225,2041
4212238,2041
4212250,2041
4212263,2041
4212275,2041
